{
  "mean": [
    0.17393046617507935,
    0.17393535375595093,
    0.17396539449691772
  ],
  "std": [
    0.17294977605342865,
    0.17294719815254211,
    0.17295803129673004
  ]
}